-- 반 정보
insert into classroom (id, year, grade, number) values (1, 2023, 3, 4);
insert into classroom (id, year, grade, number) values (2, 2024, 9, 8);
insert into classroom (id, year, grade, number) values (3, 2024, 10, 9);
insert into classroom (id, year, grade, number) values (4, 2023, 2, 5);
insert into classroom (id, year, grade, number) values (5, 2024, 6, 5);
insert into classroom (id, year, grade, number) values (6, 2023, 7, 6);
insert into classroom (id, year, grade, number) values (7, 2023, 6, 10);
insert into classroom (id, year, grade, number) values (8, 2024, 10, 4);
insert into classroom (id, year, grade, number) values (9, 2023, 9, 3);
insert into classroom (id, year, grade, number) values (10, 2023, 7, 5);
insert into classroom (id, year, grade, number) values (11, 2023, 4, 4);
insert into classroom (id, year, grade, number) values (12, 2023, 10, 9);
insert into classroom (id, year, grade, number) values (13, 2023, 7, 4);
insert into classroom (id, year, grade, number) values (14, 2024, 1, 2);
insert into classroom (id, year, grade, number) values (15, 2023, 3, 1);
insert into classroom (id, year, grade, number) values (16, 2023, 3, 4);
insert into classroom (id, year, grade, number) values (17, 2024, 2, 7);
insert into classroom (id, year, grade, number) values (18, 2023, 2, 10);
insert into classroom (id, year, grade, number) values (19, 2023, 8, 5);
insert into classroom (id, year, grade, number) values (20, 2023, 3, 3);
-- 멤버
insert into member (member_id, class_room_id, password, name, email, birthday, point) values ('kim', 10, 'lF7`Oeb?e', 'Keogh', 'mkeogh0@topsy.com', '2023-03-30', 27);
insert into member (member_id, class_room_id, password, name, email, birthday, point) values ('lee', null, 'cH8\1,y`D|z', 'Nabbs', 'unabbs1@sfgate.com', '2023-09-08', 53);
insert into member (member_id, class_room_id, password, name, email, birthday, point) values ('park', 8, 'kH8}osxJQ#p\6', 'Fyers', 'lfyers3@wsj.com', '2023-06-04', 95);

-- 게시글
insert into article (id, member_member_id, class_room_id, title, content, article_type, created_by, modified_by, created_at, modified_at) values (1, 'park', 2, 'Proin leo odio, porttitor id, consequat in, consequat ut, nulla. Sed accumsan felis.', 'Aenean sit amet justo. Morbi ut odio. Cras mi pede, malesuada in, imperdiet et, commodo vulputate, justo.', 'HOBBY', 'Nealon', 'Jeralee', '2023-05-03 13:27:50', '2023-06-10 20:51:19');
insert into article (id, member_member_id, class_room_id, title, content, article_type, created_by, modified_by, created_at, modified_at) values (2, 'kim', null, 'Donec semper sapien a libero. Nam dui. Proin leo odio, porttitor id, consequat in, consequat ut, nulla. Sed accumsan felis. Ut at dolor quis odio consequat varius. Integer ac leo. Pellentesque ultrices mattis odio. Donec vitae nisi. Nam ultrices, libero non mattis pulvinar, nulla pede ullamcorper augue, a suscipit nulla elit ac nulla.', 'Donec posuere metus vitae ipsum. Aliquam non mauris. Morbi non lectus. Aliquam sit amet diam in magna bibendum imperdiet. Nullam orci pede, venenatis non, sodales sed, tincidunt eu, felis. Fusce posuere felis sed lacus.', 'NOTICE', 'Cosme', 'Zulema', '2023-10-17 14:21:35', '2023-09-03 06:41:32');
insert into article (id, member_member_id, class_room_id, title, content, article_type, created_by, modified_by, created_at, modified_at) values (3, 'lee', null, 'Ut at dolor quis odio consequat varius. Integer ac leo. Pellentesque ultrices mattis odio.', 'Etiam justo. Etiam pretium iaculis justo. In hac habitasse platea dictumst. Etiam faucibus cursus urna. Ut tellus. Nulla ut erat id mauris vulputate elementum. Nullam varius. Nulla facilisi. Cras non velit nec nisi vulputate nonummy. Maecenas tincidunt lacus at velit.', 'NOTICE', 'Lisa', 'Marge', '2023-09-01 18:38:20', '2023-11-10 12:29:40');
insert into article (id, member_member_id, class_room_id, title, content, article_type, created_by, modified_by, created_at, modified_at) values (4, 'park', 10, 'Ut tellus. Nulla ut erat id mauris vulputate elementum. Nullam varius. Nulla facilisi.', 'Nam ultrices, libero non mattis pulvinar, nulla pede ullamcorper augue, a suscipit nulla elit ac nulla. Sed vel enim sit amet nunc viverra dapibus. Nulla suscipit ligula in lacus. Curabitur at ipsum ac tellus semper interdum. Mauris ullamcorper purus sit amet nulla. Quisque arcu libero, rutrum ac, lobortis vel, dapibus at, diam.', 'COUNSELING', 'Mayor', 'Quinton', '2023-02-03 02:12:10', '2023-08-20 21:16:53');
insert into article (id, member_member_id, class_room_id, title, content, article_type, created_by, modified_by, created_at, modified_at) values (5, 'lee', null, 'Lorem ipsum dolor sit amet, consectetuer adipiscing elit. Proin risus.', 'Quisque erat eros, viverra eget, congue eget, semper rutrum, nulla.', 'FREE', 'Binni', 'Martha', '2023-10-01 15:35:26', '2024-01-14 15:23:58');
insert into article (id, member_member_id, class_room_id, title, content, article_type, created_by, modified_by, created_at, modified_at) values (6, 'lee', 4, 'Nulla mollis molestie lorem. Quisque ut erat. Curabitur gravida nisi at nibh. In hac habitasse platea dictumst. Aliquam augue quam, sollicitudin vitae, consectetuer eget, rutrum at, lorem. Integer tincidunt ante vel ipsum. Praesent blandit lacinia erat. Vestibulum sed magna at nunc commodo placerat. Praesent blandit. Nam nulla.', 'Nullam porttitor lacus at turpis. Donec posuere metus vitae ipsum. Aliquam non mauris. Morbi non lectus. Aliquam sit amet diam in magna bibendum imperdiet.', 'FREE', 'Sherwin', 'Corbett', '2023-08-11 20:28:01', '2023-09-28 22:07:28');
insert into article (id, member_member_id, class_room_id, title, content, article_type, created_by, modified_by, created_at, modified_at) values (7, 'park', null, 'Phasellus id sapien in sapien iaculis congue. Vivamus metus arcu, adipiscing molestie, hendrerit at, vulputate vitae, nisl. Aenean lectus. Pellentesque eget nunc. Donec quis orci eget orci vehicula condimentum. Curabitur in libero ut massa volutpat convallis. Morbi odio odio, elementum eu, interdum eu, tincidunt in, leo.', 'Donec odio justo, sollicitudin ut, suscipit a, feugiat et, eros.', 'FREE', 'Rebeka', 'Valentin', '2023-11-19 04:06:04', '2023-07-23 22:26:57');
insert into article (id, member_member_id, class_room_id, title, content, article_type, created_by, modified_by, created_at, modified_at) values (8, 'lee', 1, 'Nunc nisl. Duis bibendum, felis sed interdum venenatis, turpis enim blandit mi, in porttitor pede justo eu massa. Donec dapibus. Duis at velit eu est congue elementum. In hac habitasse platea dictumst. Morbi vestibulum, velit id pretium iaculis, diam erat fermentum justo, nec condimentum neque sapien placerat ante. Nulla justo. Aliquam quis turpis eget elit sodales scelerisque. Mauris sit amet eros. Suspendisse accumsan tortor quis turpis.', 'Phasellus sit amet erat. Nulla tempus. Vivamus in felis eu sapien cursus vestibulum. Proin eu mi. Nulla ac enim.', 'HOBBY', 'Lelia', 'Adrienne', '2023-05-11 22:17:46', '2023-03-05 18:47:00');
insert into article (id, member_member_id, class_room_id, title, content, article_type, created_by, modified_by, created_at, modified_at) values (9, 'lee', null, 'Mauris sit amet eros. Suspendisse accumsan tortor quis turpis.', 'Quisque erat eros, viverra eget, congue eget, semper rutrum, nulla. Nunc purus. Phasellus in felis. Donec semper sapien a libero. Nam dui. Proin leo odio, porttitor id, consequat in, consequat ut, nulla. Sed accumsan felis. Ut at dolor quis odio consequat varius.', 'NOTICE', 'Paulita', 'Sandro', '2023-01-29 18:24:31', '2023-09-06 08:57:02');
insert into article (id, member_member_id, class_room_id, title, content, article_type, created_by, modified_by, created_at, modified_at) values (10, 'kim', null, 'Cras mi pede, malesuada in, imperdiet et, commodo vulputate, justo. In blandit ultrices enim. Lorem ipsum dolor sit amet, consectetuer adipiscing elit. Proin interdum mauris non ligula pellentesque ultrices. Phasellus id sapien in sapien iaculis congue. Vivamus metus arcu, adipiscing molestie, hendrerit at, vulputate vitae, nisl. Aenean lectus.', 'Nulla suscipit ligula in lacus. Curabitur at ipsum ac tellus semper interdum. Mauris ullamcorper purus sit amet nulla.', 'HOBBY', 'Ruperto', 'Windham', '2023-06-08 17:50:26', '2023-05-13 21:26:39');
insert into article (id, member_member_id, class_room_id, title, content, article_type, created_by, modified_by, created_at, modified_at) values (11, 'kim', 8, 'Morbi ut odio. Cras mi pede, malesuada in, imperdiet et, commodo vulputate, justo. In blandit ultrices enim. Lorem ipsum dolor sit amet, consectetuer adipiscing elit. Proin interdum mauris non ligula pellentesque ultrices. Phasellus id sapien in sapien iaculis congue. Vivamus metus arcu, adipiscing molestie, hendrerit at, vulputate vitae, nisl. Aenean lectus. Pellentesque eget nunc.', 'In sagittis dui vel nisl. Duis ac nibh. Fusce lacus purus, aliquet at, feugiat non, pretium quis, lectus. Suspendisse potenti. In eleifend quam a odio. In hac habitasse platea dictumst. Maecenas ut massa quis augue luctus tincidunt. Nulla mollis molestie lorem. Quisque ut erat.', 'COUNSELING', 'Anjanette', 'Zak', '2023-05-31 09:44:33', '2023-08-07 19:53:48');
insert into article (id, member_member_id, class_room_id, title, content, article_type, created_by, modified_by, created_at, modified_at) values (12, 'lee', null, 'In hac habitasse platea dictumst. Etiam faucibus cursus urna. Ut tellus. Nulla ut erat id mauris vulputate elementum. Nullam varius. Nulla facilisi. Cras non velit nec nisi vulputate nonummy. Maecenas tincidunt lacus at velit. Vivamus vel nulla eget eros elementum pellentesque.', 'Nulla justo. Aliquam quis turpis eget elit sodales scelerisque. Mauris sit amet eros. Suspendisse accumsan tortor quis turpis. Sed ante. Vivamus tortor. Duis mattis egestas metus.', 'FREE', 'Caro', 'Sephira', '2023-05-02 12:10:07', '2023-06-02 12:58:38');
insert into article (id, member_member_id, class_room_id, title, content, article_type, created_by, modified_by, created_at, modified_at) values (13, 'lee', null, 'Donec dapibus. Duis at velit eu est congue elementum. In hac habitasse platea dictumst. Morbi vestibulum, velit id pretium iaculis, diam erat fermentum justo, nec condimentum neque sapien placerat ante. Nulla justo. Aliquam quis turpis eget elit sodales scelerisque. Mauris sit amet eros. Suspendisse accumsan tortor quis turpis. Sed ante.', 'Donec vitae nisi. Nam ultrices, libero non mattis pulvinar, nulla pede ullamcorper augue, a suscipit nulla elit ac nulla. Sed vel enim sit amet nunc viverra dapibus. Nulla suscipit ligula in lacus. Curabitur at ipsum ac tellus semper interdum. Mauris ullamcorper purus sit amet nulla.', 'NOTICE', 'Clim', 'Meredeth', '2023-10-24 05:31:31', '2023-05-01 07:53:21');
insert into article (id, member_member_id, class_room_id, title, content, article_type, created_by, modified_by, created_at, modified_at) values (14, 'park', null, 'Nullam porttitor lacus at turpis. Donec posuere metus vitae ipsum. Aliquam non mauris. Morbi non lectus. Aliquam sit amet diam in magna bibendum imperdiet. Nullam orci pede, venenatis non, sodales sed, tincidunt eu, felis. Fusce posuere felis sed lacus. Morbi sem mauris, laoreet ut, rhoncus aliquet, pulvinar sed, nisl. Nunc rhoncus dui vel sem.', 'Integer ac leo. Pellentesque ultrices mattis odio. Donec vitae nisi. Nam ultrices, libero non mattis pulvinar, nulla pede ullamcorper augue, a suscipit nulla elit ac nulla. Sed vel enim sit amet nunc viverra dapibus. Nulla suscipit ligula in lacus. Curabitur at ipsum ac tellus semper interdum. Mauris ullamcorper purus sit amet nulla.', 'HOBBY', 'Roanne', 'Kaiser', '2023-03-25 04:30:41', '2023-12-30 09:01:58');
insert into article (id, member_member_id, class_room_id, title, content, article_type, created_by, modified_by, created_at, modified_at) values (15, 'lee', null, 'Nulla neque libero, convallis eget, eleifend luctus, ultricies eu, nibh. Quisque id justo sit amet sapien dignissim vestibulum. Vestibulum ante ipsum primis in faucibus orci luctus et ultrices posuere cubilia Curae; Nulla dapibus dolor vel est. Donec odio justo, sollicitudin ut, suscipit a, feugiat et, eros. Vestibulum ac est lacinia nisi venenatis tristique. Fusce congue, diam id ornare imperdiet, sapien urna pretium nisl, ut volutpat sapien arcu sed augue. Aliquam erat volutpat. In congue. Etiam justo.', 'Morbi sem mauris, laoreet ut, rhoncus aliquet, pulvinar sed, nisl. Nunc rhoncus dui vel sem. Sed sagittis. Nam congue, risus semper porta volutpat, quam pede lobortis ligula, sit amet eleifend pede libero quis orci. Nullam molestie nibh in lectus. Pellentesque at nulla. Suspendisse potenti. Cras in purus eu magna vulputate luctus. Cum sociis natoque penatibus et magnis dis parturient montes, nascetur ridiculus mus.', 'FREE', 'Ciel', 'Kirstyn', '2024-01-13 19:59:43', '2023-02-15 01:21:17');
insert into article (id, member_member_id, class_room_id, title, content, article_type, created_by, modified_by, created_at, modified_at) values (16, 'park', null, 'Nam congue, risus semper porta volutpat, quam pede lobortis ligula, sit amet eleifend pede libero quis orci. Nullam molestie nibh in lectus. Pellentesque at nulla. Suspendisse potenti. Cras in purus eu magna vulputate luctus. Cum sociis natoque penatibus et magnis dis parturient montes, nascetur ridiculus mus.', 'Phasellus in felis. Donec semper sapien a libero. Nam dui. Proin leo odio, porttitor id, consequat in, consequat ut, nulla. Sed accumsan felis. Ut at dolor quis odio consequat varius. Integer ac leo. Pellentesque ultrices mattis odio. Donec vitae nisi.', 'COUNSELING', 'Gibbie', 'Penelope', '2023-03-19 02:05:29', '2023-03-18 11:59:07');
insert into article (id, member_member_id, class_room_id, title, content, article_type, created_by, modified_by, created_at, modified_at) values (17, 'park', null, 'Donec semper sapien a libero. Nam dui. Proin leo odio, porttitor id, consequat in, consequat ut, nulla. Sed accumsan felis. Ut at dolor quis odio consequat varius. Integer ac leo.', 'In hac habitasse platea dictumst. Maecenas ut massa quis augue luctus tincidunt. Nulla mollis molestie lorem.', 'NOTICE', 'Redd', 'Sheelagh', '2023-07-07 18:44:27', '2023-07-22 01:29:16');
insert into article (id, member_member_id, class_room_id, title, content, article_type, created_by, modified_by, created_at, modified_at) values (18, 'park', null, 'Pellentesque eget nunc. Donec quis orci eget orci vehicula condimentum. Curabitur in libero ut massa volutpat convallis. Morbi odio odio, elementum eu, interdum eu, tincidunt in, leo. Maecenas pulvinar lobortis est. Phasellus sit amet erat. Nulla tempus. Vivamus in felis eu sapien cursus vestibulum.', 'Morbi porttitor lorem id ligula. Suspendisse ornare consequat lectus. In est risus, auctor sed, tristique in, tempus sit amet, sem. Fusce consequat. Nulla nisl. Nunc nisl. Duis bibendum, felis sed interdum venenatis, turpis enim blandit mi, in porttitor pede justo eu massa. Donec dapibus. Duis at velit eu est congue elementum. In hac habitasse platea dictumst.', 'COUNSELING', 'Tracee', 'Hartwell', '2023-06-21 09:04:29', '2024-01-10 09:51:07');
insert into article (id, member_member_id, class_room_id, title, content, article_type, created_by, modified_by, created_at, modified_at) values (19, 'lee', null, 'Maecenas ut massa quis augue luctus tincidunt.', 'Pellentesque viverra pede ac diam.', 'HOBBY', 'Chandra', 'Dunc', '2023-04-12 06:08:16', '2023-11-30 09:59:04');
insert into article (id, member_member_id, class_room_id, title, content, article_type, created_by, modified_by, created_at, modified_at) values (20, 'lee', null, 'Aliquam quis turpis eget elit sodales scelerisque. Mauris sit amet eros. Suspendisse accumsan tortor quis turpis. Sed ante. Vivamus tortor. Duis mattis egestas metus. Aenean fermentum. Donec ut mauris eget massa tempor convallis. Nulla neque libero, convallis eget, eleifend luctus, ultricies eu, nibh.', 'Nunc rhoncus dui vel sem. Sed sagittis. Nam congue, risus semper porta volutpat, quam pede lobortis ligula, sit amet eleifend pede libero quis orci. Nullam molestie nibh in lectus. Pellentesque at nulla. Suspendisse potenti. Cras in purus eu magna vulputate luctus. Cum sociis natoque penatibus et magnis dis parturient montes, nascetur ridiculus mus. Vivamus vestibulum sagittis sapien.', 'NOTICE', 'Fleurette', 'Lorant', '2023-03-17 10:02:12', '2023-08-06 13:03:53');
