-- 반 정보
insert into classroom (id, year, grade, number) values (1, 2023, 3, 4);
insert into classroom (id, year, grade, number) values (2, 2024, 9, 8);
insert into classroom (id, year, grade, number) values (3, 2024, 10, 9);
insert into classroom (id, year, grade, number) values (4, 2023, 2, 5);
insert into classroom (id, year, grade, number) values (5, 2024, 6, 5);
insert into classroom (id, year, grade, number) values (6, 2023, 7, 6);
insert into classroom (id, year, grade, number) values (7, 2023, 6, 10);
insert into classroom (id, year, grade, number) values (8, 2024, 10, 4);
insert into classroom (id, year, grade, number) values (9, 2023, 9, 3);
insert into classroom (id, year, grade, number) values (10, 2023, 7, 5);
insert into classroom (id, year, grade, number) values (11, 2023, 4, 4);
insert into classroom (id, year, grade, number) values (12, 2023, 10, 9);
insert into classroom (id, year, grade, number) values (13, 2023, 7, 4);
insert into classroom (id, year, grade, number) values (14, 2024, 1, 2);
insert into classroom (id, year, grade, number) values (15, 2023, 3, 1);
insert into classroom (id, year, grade, number) values (16, 2023, 3, 4);
insert into classroom (id, year, grade, number) values (17, 2024, 2, 7);
insert into classroom (id, year, grade, number) values (18, 2023, 2, 10);
insert into classroom (id, year, grade, number) values (19, 2023, 8, 5);
insert into classroom (id, year, grade, number) values (20, 2023, 3, 3);
-- 멤버
insert into member (id, member_id, class_room_id, password, name, email, birthday, point) values (1, 'park', 10,'lF7`Oeb?e', 'Keogh', 'mkeogh0@topsy.com', '2023-03-30', 27);
insert into member (id, member_id, class_room_id, password, name, email, birthday, point) values (2,  'kim',null,'cH8\1,y`D|z', 'Nabbs', 'unabbs1@sfgate.com', '2023-09-08', 53);
insert into member (id, member_id ,class_room_id, password, name, email, birthday, point) values (3, 'lee', 8,'kH8}osxJQ#p\6', 'Fyers', 'lfyers3@wsj.com', '2023-06-04', 95);

-- 게시글
insert into article (id, member_id, class_room_id, title, content, article_type, created_by, modified_by, created_at, modified_at,hit) values (1, 1, 2, 'Proin leo odio, porttitor id, consequat in, consequat ut, nulla. Sed accumsan felis.', 'Aenean sit amet justo. Morbi ut odio. Cras mi pede, malesuada in, imperdiet et, commodo vulputate, justo.', 'HOBBY', 'Nealon', 'Jeralee', '2023-05-03 13:27:50', '2023-06-10 20:51:19',0);
insert into article (id, member_id, class_room_id, title, content, article_type, created_by, modified_by, created_at, modified_at, hit) values (2, 2, null, 'Donec semper sapien a libero. Nam dui. Proin leo odio, porttitor id, consequat in, consequat ut, nulla. Sed accumsan felis. Ut at dolor quis odio consequat varius. Integer ac leo. Pellentesque ultrices mattis odio. Donec vitae nisi. Nam ultrices, libero non mattis pulvinar, nulla pede ullamcorper augue, a suscipit nulla elit ac nulla.', 'Donec posuere metus vitae ipsum. Aliquam non mauris. Morbi non lectus. Aliquam sit amet diam in magna bibendum imperdiet. Nullam orci pede, venenatis non, sodales sed, tincidunt eu, felis. Fusce posuere felis sed lacus.', 'NOTICE', 'Cosme', 'Zulema', '2023-10-17 14:21:35', '2023-09-03 06:41:32', 0);
insert into article (id, member_id, class_room_id, title, content, article_type, created_by, modified_by, created_at, modified_at, hit) values (3, 3, null, 'Ut at dolor quis odio consequat varius. Integer ac leo. Pellentesque ultrices mattis odio.', 'Etiam justo. Etiam pretium iaculis justo. In hac habitasse platea dictumst. Etiam faucibus cursus urna. Ut tellus. Nulla ut erat id mauris vulputate elementum. Nullam varius. Nulla facilisi. Cras non velit nec nisi vulputate nonummy. Maecenas tincidunt lacus at velit.', 'NOTICE', 'Lisa', 'Marge', '2023-09-01 18:38:20', '2023-11-10 12:29:40',0);
insert into article (id, member_id, class_room_id, title, content, article_type, created_by, modified_by, created_at, modified_at, hit) values (4, 1, 10, 'Ut tellus. Nulla ut erat id mauris vulputate elementum. Nullam varius. Nulla facilisi.', 'Nam ultrices, libero non mattis pulvinar, nulla pede ullamcorper augue, a suscipit nulla elit ac nulla. Sed vel enim sit amet nunc viverra dapibus. Nulla suscipit ligula in lacus. Curabitur at ipsum ac tellus semper interdum. Mauris ullamcorper purus sit amet nulla. Quisque arcu libero, rutrum ac, lobortis vel, dapibus at, diam.', 'COUNSELING', 'Mayor', 'Quinton', '2023-02-03 02:12:10', '2023-08-20 21:16:53', 0);
insert into article (id, member_id, class_room_id, title, content, article_type, created_by, modified_by, created_at, modified_at, hit) values (5, 2, null, 'Lorem ipsum dolor sit amet, consectetuer adipiscing elit. Proin risus.', 'Quisque erat eros, viverra eget, congue eget, semper rutrum, nulla.', 'FREE', 'Binni', 'Martha', '2023-10-01 15:35:26', '2024-01-14 15:23:58', 0);
insert into article (id, member_id, class_room_id, title, content, article_type, created_by, modified_by, created_at, modified_at, hit) values (6, 2, 4, 'Nulla mollis molestie lorem. Quisque ut erat. Curabitur gravida nisi at nibh. In hac habitasse platea dictumst. Aliquam augue quam, sollicitudin vitae, consectetuer eget, rutrum at, lorem. Integer tincidunt ante vel ipsum. Praesent blandit lacinia erat. Vestibulum sed magna at nunc commodo placerat. Praesent blandit. Nam nulla.', 'Nullam porttitor lacus at turpis. Donec posuere metus vitae ipsum. Aliquam non mauris. Morbi non lectus. Aliquam sit amet diam in magna bibendum imperdiet.', 'FREE', 'Sherwin', 'Corbett', '2023-08-11 20:28:01', '2023-09-28 22:07:28', 0);
insert into article (id, member_id, class_room_id, title, content, article_type, created_by, modified_by, created_at, modified_at, hit) values (7, 1, null, 'Phasellus id sapien in sapien iaculis congue. Vivamus metus arcu, adipiscing molestie, hendrerit at, vulputate vitae, nisl. Aenean lectus. Pellentesque eget nunc. Donec quis orci eget orci vehicula condimentum. Curabitur in libero ut massa volutpat convallis. Morbi odio odio, elementum eu, interdum eu, tincidunt in, leo.', 'Donec odio justo, sollicitudin ut, suscipit a, feugiat et, eros.', 'FREE', 'Rebeka', 'Valentin', '2023-11-19 04:06:04', '2023-07-23 22:26:57', 0);
insert into article (id, member_id, class_room_id, title, content, article_type, created_by, modified_by, created_at, modified_at, hit) values (8, 1, 1, 'Nunc nisl. Duis bibendum, felis sed interdum venenatis, turpis enim blandit mi, in porttitor pede justo eu massa. Donec dapibus. Duis at velit eu est congue elementum. In hac habitasse platea dictumst. Morbi vestibulum, velit id pretium iaculis, diam erat fermentum justo, nec condimentum neque sapien placerat ante. Nulla justo. Aliquam quis turpis eget elit sodales scelerisque. Mauris sit amet eros. Suspendisse accumsan tortor quis turpis.', 'Phasellus sit amet erat. Nulla tempus. Vivamus in felis eu sapien cursus vestibulum. Proin eu mi. Nulla ac enim.', 'HOBBY', 'Lelia', 'Adrienne', '2023-05-11 22:17:46', '2023-03-05 18:47:00',0);
insert into article (id, member_id, class_room_id, title, content, article_type, created_by, modified_by, created_at, modified_at, hit) values (9, 1, null, 'Mauris sit amet eros. Suspendisse accumsan tortor quis turpis.', 'Quisque erat eros, viverra eget, congue eget, semper rutrum, nulla. Nunc purus. Phasellus in felis. Donec semper sapien a libero. Nam dui. Proin leo odio, porttitor id, consequat in, consequat ut, nulla. Sed accumsan felis. Ut at dolor quis odio consequat varius.', 'NOTICE', 'Paulita', 'Sandro', '2023-01-29 18:24:31', '2023-09-06 08:57:02',0);
insert into article (id, member_id, class_room_id, title, content, article_type, created_by, modified_by, created_at, modified_at, hit) values (10, 2, null, 'Cras mi pede, malesuada in, imperdiet et, commodo vulputate, justo. In blandit ultrices enim. Lorem ipsum dolor sit amet, consectetuer adipiscing elit. Proin interdum mauris non ligula pellentesque ultrices. Phasellus id sapien in sapien iaculis congue. Vivamus metus arcu, adipiscing molestie, hendrerit at, vulputate vitae, nisl. Aenean lectus.', 'Nulla suscipit ligula in lacus. Curabitur at ipsum ac tellus semper interdum. Mauris ullamcorper purus sit amet nulla.', 'HOBBY', 'Ruperto', 'Windham', '2023-06-08 17:50:26', '2023-05-13 21:26:39',0);
insert into article (id, member_id, class_room_id, title, content, article_type, created_by, modified_by, created_at, modified_at, hit) values (11, 3, 8, 'Morbi ut odio. Cras mi pede, malesuada in, imperdiet et, commodo vulputate, justo. In blandit ultrices enim. Lorem ipsum dolor sit amet, consectetuer adipiscing elit. Proin interdum mauris non ligula pellentesque ultrices. Phasellus id sapien in sapien iaculis congue. Vivamus metus arcu, adipiscing molestie, hendrerit at, vulputate vitae, nisl. Aenean lectus. Pellentesque eget nunc.', 'In sagittis dui vel nisl. Duis ac nibh. Fusce lacus purus, aliquet at, feugiat non, pretium quis, lectus. Suspendisse potenti. In eleifend quam a odio. In hac habitasse platea dictumst. Maecenas ut massa quis augue luctus tincidunt. Nulla mollis molestie lorem. Quisque ut erat.', 'COUNSELING', 'Anjanette', 'Zak', '2023-05-31 09:44:33', '2023-08-07 19:53:48',0);
insert into article (id, member_id, class_room_id, title, content, article_type, created_by, modified_by, created_at, modified_at, hit) values (12, 1, null, 'In hac habitasse platea dictumst. Etiam faucibus cursus urna. Ut tellus. Nulla ut erat id mauris vulputate elementum. Nullam varius. Nulla facilisi. Cras non velit nec nisi vulputate nonummy. Maecenas tincidunt lacus at velit. Vivamus vel nulla eget eros elementum pellentesque.', 'Nulla justo. Aliquam quis turpis eget elit sodales scelerisque. Mauris sit amet eros. Suspendisse accumsan tortor quis turpis. Sed ante. Vivamus tortor. Duis mattis egestas metus.', 'FREE', 'Caro', 'Sephira', '2023-05-02 12:10:07', '2023-06-02 12:58:38',0);
insert into article (id, member_id, class_room_id, title, content, article_type, created_by, modified_by, created_at, modified_at, hit) values (13, 2, null, 'Donec dapibus. Duis at velit eu est congue elementum. In hac habitasse platea dictumst. Morbi vestibulum, velit id pretium iaculis, diam erat fermentum justo, nec condimentum neque sapien placerat ante. Nulla justo. Aliquam quis turpis eget elit sodales scelerisque. Mauris sit amet eros. Suspendisse accumsan tortor quis turpis. Sed ante.', 'Donec vitae nisi. Nam ultrices, libero non mattis pulvinar, nulla pede ullamcorper augue, a suscipit nulla elit ac nulla. Sed vel enim sit amet nunc viverra dapibus. Nulla suscipit ligula in lacus. Curabitur at ipsum ac tellus semper interdum. Mauris ullamcorper purus sit amet nulla.', 'NOTICE', 'Clim', 'Meredeth', '2023-10-24 05:31:31', '2023-05-01 07:53:21',0);
insert into article (id, member_id, class_room_id, title, content, article_type, created_by, modified_by, created_at, modified_at, hit) values (14, 1, null, 'Nullam porttitor lacus at turpis. Donec posuere metus vitae ipsum. Aliquam non mauris. Morbi non lectus. Aliquam sit amet diam in magna bibendum imperdiet. Nullam orci pede, venenatis non, sodales sed, tincidunt eu, felis. Fusce posuere felis sed lacus. Morbi sem mauris, laoreet ut, rhoncus aliquet, pulvinar sed, nisl. Nunc rhoncus dui vel sem.', 'Integer ac leo. Pellentesque ultrices mattis odio. Donec vitae nisi. Nam ultrices, libero non mattis pulvinar, nulla pede ullamcorper augue, a suscipit nulla elit ac nulla. Sed vel enim sit amet nunc viverra dapibus. Nulla suscipit ligula in lacus. Curabitur at ipsum ac tellus semper interdum. Mauris ullamcorper purus sit amet nulla.', 'HOBBY', 'Roanne', 'Kaiser', '2023-03-25 04:30:41', '2023-12-30 09:01:58',0);
insert into article (id, member_id, class_room_id, title, content, article_type, created_by, modified_by, created_at, modified_at, hit) values (15, 1, null, 'Nulla neque libero, convallis eget, eleifend luctus, ultricies eu, nibh. Quisque id justo sit amet sapien dignissim vestibulum. Vestibulum ante ipsum primis in faucibus orci luctus et ultrices posuere cubilia Curae; Nulla dapibus dolor vel est. Donec odio justo, sollicitudin ut, suscipit a, feugiat et, eros. Vestibulum ac est lacinia nisi venenatis tristique. Fusce congue, diam id ornare imperdiet, sapien urna pretium nisl, ut volutpat sapien arcu sed augue. Aliquam erat volutpat. In congue. Etiam justo.', 'Morbi sem mauris, laoreet ut, rhoncus aliquet, pulvinar sed, nisl. Nunc rhoncus dui vel sem. Sed sagittis. Nam congue, risus semper porta volutpat, quam pede lobortis ligula, sit amet eleifend pede libero quis orci. Nullam molestie nibh in lectus. Pellentesque at nulla. Suspendisse potenti. Cras in purus eu magna vulputate luctus. Cum sociis natoque penatibus et magnis dis parturient montes, nascetur ridiculus mus.', 'FREE', 'Ciel', 'Kirstyn', '2024-01-13 19:59:43', '2023-02-15 01:21:17',0);
insert into article (id, member_id, class_room_id, title, content, article_type, created_by, modified_by, created_at, modified_at, hit) values (16, 2, null, 'Nam congue, risus semper porta volutpat, quam pede lobortis ligula, sit amet eleifend pede libero quis orci. Nullam molestie nibh in lectus. Pellentesque at nulla. Suspendisse potenti. Cras in purus eu magna vulputate luctus. Cum sociis natoque penatibus et magnis dis parturient montes, nascetur ridiculus mus.', 'Phasellus in felis. Donec semper sapien a libero. Nam dui. Proin leo odio, porttitor id, consequat in, consequat ut, nulla. Sed accumsan felis. Ut at dolor quis odio consequat varius. Integer ac leo. Pellentesque ultrices mattis odio. Donec vitae nisi.', 'COUNSELING', 'Gibbie', 'Penelope', '2023-03-19 02:05:29', '2023-03-18 11:59:07',0);
insert into article (id, member_id, class_room_id, title, content, article_type, created_by, modified_by, created_at, modified_at, hit) values (17, 2, null, 'Donec semper sapien a libero. Nam dui. Proin leo odio, porttitor id, consequat in, consequat ut, nulla. Sed accumsan felis. Ut at dolor quis odio consequat varius. Integer ac leo.', 'In hac habitasse platea dictumst. Maecenas ut massa quis augue luctus tincidunt. Nulla mollis molestie lorem.', 'NOTICE', 'Redd', 'Sheelagh', '2023-07-07 18:44:27', '2023-07-22 01:29:16',0);
insert into article (id, member_id, class_room_id, title, content, article_type, created_by, modified_by, created_at, modified_at, hit) values (18, 3, null, 'Pellentesque eget nunc. Donec quis orci eget orci vehicula condimentum. Curabitur in libero ut massa volutpat convallis. Morbi odio odio, elementum eu, interdum eu, tincidunt in, leo. Maecenas pulvinar lobortis est. Phasellus sit amet erat. Nulla tempus. Vivamus in felis eu sapien cursus vestibulum.', 'Morbi porttitor lorem id ligula. Suspendisse ornare consequat lectus. In est risus, auctor sed, tristique in, tempus sit amet, sem. Fusce consequat. Nulla nisl. Nunc nisl. Duis bibendum, felis sed interdum venenatis, turpis enim blandit mi, in porttitor pede justo eu massa. Donec dapibus. Duis at velit eu est congue elementum. In hac habitasse platea dictumst.', 'COUNSELING', 'Tracee', 'Hartwell', '2023-06-21 09:04:29', '2024-01-10 09:51:07',0);
insert into article (id, member_id, class_room_id, title, content, article_type, created_by, modified_by, created_at, modified_at, hit) values (19, 2, null, 'Maecenas ut massa quis augue luctus tincidunt.', 'Pellentesque viverra pede ac diam.', 'HOBBY', 'Chandra', 'Dunc', '2023-04-12 06:08:16', '2023-11-30 09:59:04',0);
insert into article (id, member_id, class_room_id, title, content, article_type, created_by, modified_by, created_at, modified_at, hit) values (20, 1, null, 'Aliquam quis turpis eget elit sodales scelerisque. Mauris sit amet eros. Suspendisse accumsan tortor quis turpis. Sed ante. Vivamus tortor. Duis mattis egestas metus. Aenean fermentum. Donec ut mauris eget massa tempor convallis. Nulla neque libero, convallis eget, eleifend luctus, ultricies eu, nibh.', 'Nunc rhoncus dui vel sem. Sed sagittis. Nam congue, risus semper porta volutpat, quam pede lobortis ligula, sit amet eleifend pede libero quis orci. Nullam molestie nibh in lectus. Pellentesque at nulla. Suspendisse potenti. Cras in purus eu magna vulputate luctus. Cum sociis natoque penatibus et magnis dis parturient montes, nascetur ridiculus mus. Vivamus vestibulum sagittis sapien.', 'NOTICE', 'Fleurette', 'Lorant', '2023-03-17 10:02:12', '2023-08-06 13:03:53',0);

-- 댓글
insert into article_comment (id, member_id, article_id, content, created_at, created_by, modified_at, modified_by) values (1, 2, 18, 'Quisque erat eros, viverra eget, congue eget, semper rutrum, nulla. Nunc purus. Phasellus in felis. Donec semper sapien a libero.', '2023-02-01 10:20:36', 'Dori', '2023-01-26 22:27:38', 'Giacobo');
insert into article_comment (id, member_id, article_id, content, created_at, created_by, modified_at, modified_by) values (2, 3, 6, 'Nam dui. Proin leo odio, porttitor id, consequat in, consequat ut, nulla. Sed accumsan felis. Ut at dolor quis odio consequat varius. Integer ac leo. Pellentesque ultrices mattis odio. Donec vitae nisi. Nam ultrices, libero non mattis pulvinar, nulla pede ullamcorper augue, a suscipit nulla elit ac nulla.', '2023-03-13 19:51:50', 'Dita', '2023-01-26 06:37:40', 'Adda');
insert into article_comment (id, member_id, article_id, content, created_at, created_by, modified_at, modified_by) values (3, 1, 18, 'Nulla neque libero, convallis eget, eleifend luctus, ultricies eu, nibh. Quisque id justo sit amet sapien dignissim vestibulum. Vestibulum ante ipsum primis in faucibus orci luctus et ultrices posuere cubilia Curae; Nulla dapibus dolor vel est.', '2023-08-23 08:14:33', 'Dody', '2023-07-03 18:03:43', 'Martita');
insert into article_comment (id, member_id, article_id, content, created_at, created_by, modified_at, modified_by) values (4, 1, 15, 'Morbi ut odio. Cras mi pede, malesuada in, imperdiet et, commodo vulputate, justo. In blandit ultrices enim. Lorem ipsum dolor sit amet, consectetuer adipiscing elit. Proin interdum mauris non ligula pellentesque ultrices. Phasellus id sapien in sapien iaculis congue. Vivamus metus arcu, adipiscing molestie, hendrerit at, vulputate vitae, nisl. Aenean lectus. Pellentesque eget nunc.', '2023-07-14 17:29:05', 'Orly', '2023-05-18 04:06:49', 'Rutherford');
insert into article_comment (id, member_id, article_id, content, created_at, created_by, modified_at, modified_by) values (5, 2, 20, 'Duis ac nibh. Fusce lacus purus, aliquet at, feugiat non, pretium quis, lectus. Suspendisse potenti. In eleifend quam a odio. In hac habitasse platea dictumst. Maecenas ut massa quis augue luctus tincidunt. Nulla mollis molestie lorem. Quisque ut erat.', '2024-01-20 17:21:26', 'Janos', '2023-12-19 03:48:14', 'Marleah');
insert into article_comment (id, member_id, article_id, content, created_at, created_by, modified_at, modified_by) values (6, 1, 3, 'Nullam orci pede, venenatis non, sodales sed, tincidunt eu, felis. Fusce posuere felis sed lacus. Morbi sem mauris, laoreet ut, rhoncus aliquet, pulvinar sed, nisl. Nunc rhoncus dui vel sem. Sed sagittis. Nam congue, risus semper porta volutpat, quam pede lobortis ligula, sit amet eleifend pede libero quis orci. Nullam molestie nibh in lectus.', '2023-09-03 23:45:20', 'Melitta', '2023-10-15 20:46:09', 'Odey');
insert into article_comment (id, member_id, article_id, content, created_at, created_by, modified_at, modified_by) values (7, 3, 18, 'Nullam molestie nibh in lectus. Pellentesque at nulla. Suspendisse potenti. Cras in purus eu magna vulputate luctus. Cum sociis natoque penatibus et magnis dis parturient montes, nascetur ridiculus mus. Vivamus vestibulum sagittis sapien. Cum sociis natoque penatibus et magnis dis parturient montes, nascetur ridiculus mus. Etiam vel augue. Vestibulum rutrum rutrum neque. Aenean auctor gravida sem.', '2023-11-03 15:56:15', 'Devin', '2023-01-29 01:52:18', 'Lesly');
insert into article_comment (id, member_id, article_id, content, created_at, created_by, modified_at, modified_by) values (8, 2, 9, 'Nam ultrices, libero non mattis pulvinar, nulla pede ullamcorper augue, a suscipit nulla elit ac nulla. Sed vel enim sit amet nunc viverra dapibus.', '2023-03-02 12:11:41', 'Brew', '2023-05-16 07:19:07', 'Dagny');
insert into article_comment (id, member_id, article_id, content, created_at, created_by, modified_at, modified_by) values (9, 1, 16, 'Integer a nibh.', '2023-08-19 04:33:49', 'Stacy', '2023-02-15 00:28:17', 'Onida');
insert into article_comment (id, member_id, article_id, content, created_at, created_by, modified_at, modified_by) values (10, 1, 8, 'Curabitur in libero ut massa volutpat convallis. Morbi odio odio, elementum eu, interdum eu, tincidunt in, leo. Maecenas pulvinar lobortis est. Phasellus sit amet erat. Nulla tempus. Vivamus in felis eu sapien cursus vestibulum. Proin eu mi. Nulla ac enim. In tempor, turpis nec euismod scelerisque, quam turpis adipiscing lorem, vitae mattis nibh ligula nec sem.', '2023-04-25 12:28:35', 'Webster', '2023-07-10 22:58:27', 'Abbie');
insert into article_comment (id, member_id, article_id, content, created_at, created_by, modified_at, modified_by) values (11, 1, 20, 'Mauris enim leo, rhoncus sed, vestibulum sit amet, cursus id, turpis. Integer aliquet, massa id lobortis convallis, tortor risus dapibus augue, vel accumsan tellus nisi eu orci. Mauris lacinia sapien quis libero. Nullam sit amet turpis elementum ligula vehicula consequat. Morbi a ipsum. Integer a nibh. In quis justo. Maecenas rhoncus aliquam lacus. Morbi quis tortor id nulla ultrices aliquet.', '2023-10-14 02:35:22', 'Pepita', '2023-12-20 17:34:13', 'Harriot');
insert into article_comment (id, member_id, article_id, content, created_at, created_by, modified_at, modified_by) values (12, 2, 1, 'Donec ut mauris eget massa tempor convallis. Nulla neque libero, convallis eget, eleifend luctus, ultricies eu, nibh. Quisque id justo sit amet sapien dignissim vestibulum. Vestibulum ante ipsum primis in faucibus orci luctus et ultrices posuere cubilia Curae; Nulla dapibus dolor vel est. Donec odio justo, sollicitudin ut, suscipit a, feugiat et, eros. Vestibulum ac est lacinia nisi venenatis tristique. Fusce congue, diam id ornare imperdiet, sapien urna pretium nisl, ut volutpat sapien arcu sed augue.', '2023-02-13 12:41:44', 'Roldan', '2023-12-19 18:50:14', 'Wain');
insert into article_comment (id, member_id, article_id, content, created_at, created_by, modified_at, modified_by) values (13, 3, 20, 'Cras non velit nec nisi vulputate nonummy. Maecenas tincidunt lacus at velit. Vivamus vel nulla eget eros elementum pellentesque. Quisque porta volutpat erat. Quisque erat eros, viverra eget, congue eget, semper rutrum, nulla. Nunc purus. Phasellus in felis.', '2023-08-28 05:11:42', 'Odelia', '2023-02-17 19:32:21', 'Loni');
insert into article_comment (id, member_id, article_id, content, created_at, created_by, modified_at, modified_by) values (14, 1, 19, 'Nullam sit amet turpis elementum ligula vehicula consequat. Morbi a ipsum. Integer a nibh. In quis justo. Maecenas rhoncus aliquam lacus. Morbi quis tortor id nulla ultrices aliquet. Maecenas leo odio, condimentum id, luctus nec, molestie sed, justo.', '2023-05-24 21:54:06', 'Tim', '2023-09-06 22:56:12', 'Susy');
insert into article_comment (id, member_id, article_id, content, created_at, created_by, modified_at, modified_by) values (15, 1, 15, 'Ut at dolor quis odio consequat varius. Integer ac leo. Pellentesque ultrices mattis odio.', '2023-05-11 06:05:42', 'Abelard', '2023-09-20 05:44:21', 'Clevie');
insert into article_comment (id, member_id, article_id, content, created_at, created_by, modified_at, modified_by) values (16, 2, 2, 'Cras mi pede, malesuada in, imperdiet et, commodo vulputate, justo. In blandit ultrices enim. Lorem ipsum dolor sit amet, consectetuer adipiscing elit. Proin interdum mauris non ligula pellentesque ultrices. Phasellus id sapien in sapien iaculis congue. Vivamus metus arcu, adipiscing molestie, hendrerit at, vulputate vitae, nisl. Aenean lectus. Pellentesque eget nunc.', '2023-10-26 12:36:16', 'Rivalee', '2023-03-05 22:18:04', 'Debera');
insert into article_comment (id, member_id, article_id, content, created_at, created_by, modified_at, modified_by) values (17, 1, 5, 'Vivamus vestibulum sagittis sapien. Cum sociis natoque penatibus et magnis dis parturient montes, nascetur ridiculus mus.', '2023-12-24 09:55:07', 'Flora', '2023-10-29 21:06:10', 'Irving');
insert into article_comment (id, member_id, article_id, content, created_at, created_by, modified_at, modified_by) values (18, 3, 7, 'Vestibulum ante ipsum primis in faucibus orci luctus et ultrices posuere cubilia Curae; Duis faucibus accumsan odio. Curabitur convallis. Duis consequat dui nec nisi volutpat eleifend.', '2023-10-31 05:08:30', 'Jerad', '2023-03-23 00:15:27', 'Carney');
insert into article_comment (id, member_id, article_id, content, created_at, created_by, modified_at, modified_by) values (19, 3, 15, 'Morbi a ipsum. Integer a nibh. In quis justo. Maecenas rhoncus aliquam lacus. Morbi quis tortor id nulla ultrices aliquet. Maecenas leo odio, condimentum id, luctus nec, molestie sed, justo.', '2023-12-17 14:22:55', 'Lauretta', '2023-12-14 17:07:16', 'Scotti');
insert into article_comment (id, member_id, article_id, content, created_at, created_by, modified_at, modified_by) values (20, 2, 14, 'Nullam molestie nibh in lectus. Pellentesque at nulla. Suspendisse potenti. Cras in purus eu magna vulputate luctus. Cum sociis natoque penatibus et magnis dis parturient montes, nascetur ridiculus mus. Vivamus vestibulum sagittis sapien. Cum sociis natoque penatibus et magnis dis parturient montes, nascetur ridiculus mus. Etiam vel augue. Vestibulum rutrum rutrum neque.', '2023-03-11 11:34:48', 'Melody', '2023-04-21 14:50:47', 'Kevina');
insert into article_comment (id, member_id, article_id, content, created_at, created_by, modified_at, modified_by) values (21, 2, 7, 'Proin eu mi. Nulla ac enim. In tempor, turpis nec euismod scelerisque, quam turpis adipiscing lorem, vitae mattis nibh ligula nec sem. Duis aliquam convallis nunc. Proin at turpis a pede posuere nonummy. Integer non velit. Donec diam neque, vestibulum eget, vulputate ut, ultrices vel, augue. Vestibulum ante ipsum primis in faucibus orci luctus et ultrices posuere cubilia Curae; Donec pharetra, magna vestibulum aliquet ultrices, erat tortor sollicitudin mi, sit amet lobortis sapien sapien non mi.', '2023-04-15 14:56:12', 'Kaia', '2023-05-29 05:55:28', 'Jyoti');
insert into article_comment (id, member_id, article_id, content, created_at, created_by, modified_at, modified_by) values (22, 2, 8, 'Suspendisse accumsan tortor quis turpis. Sed ante. Vivamus tortor.', '2023-03-10 00:21:42', 'Jorry', '2023-06-06 11:21:41', 'Gabbie');
insert into article_comment (id, member_id, article_id, content, created_at, created_by, modified_at, modified_by) values (23, 2, 7, 'Proin at turpis a pede posuere nonummy. Integer non velit. Donec diam neque, vestibulum eget, vulputate ut, ultrices vel, augue. Vestibulum ante ipsum primis in faucibus orci luctus et ultrices posuere cubilia Curae; Donec pharetra, magna vestibulum aliquet ultrices, erat tortor sollicitudin mi, sit amet lobortis sapien sapien non mi. Integer ac neque. Duis bibendum. Morbi non quam nec dui luctus rutrum.', '2023-04-16 11:15:31', 'Eveline', '2024-01-04 15:47:40', 'Yoshiko');
insert into article_comment (id, member_id, article_id, content, created_at, created_by, modified_at, modified_by) values (24, 1, 15, 'Etiam justo. Etiam pretium iaculis justo. In hac habitasse platea dictumst. Etiam faucibus cursus urna. Ut tellus. Nulla ut erat id mauris vulputate elementum. Nullam varius. Nulla facilisi. Cras non velit nec nisi vulputate nonummy.', '2023-09-25 03:12:21', 'Daveen', '2023-12-13 12:30:46', 'Rianon');
insert into article_comment (id, member_id, article_id, content, created_at, created_by, modified_at, modified_by) values (25, 2, 11, 'Phasellus sit amet erat. Nulla tempus. Vivamus in felis eu sapien cursus vestibulum. Proin eu mi. Nulla ac enim. In tempor, turpis nec euismod scelerisque, quam turpis adipiscing lorem, vitae mattis nibh ligula nec sem. Duis aliquam convallis nunc.', '2023-08-21 12:41:13', 'Findley', '2023-04-15 06:03:28', 'Millard');
insert into article_comment (id, member_id, article_id, content, created_at, created_by, modified_at, modified_by) values (26, 3, 8, 'Cum sociis natoque penatibus et magnis dis parturient montes, nascetur ridiculus mus. Etiam vel augue.', '2023-06-05 14:20:00', 'Nap', '2023-09-05 07:18:29', 'Kris');
insert into article_comment (id, member_id, article_id, content, created_at, created_by, modified_at, modified_by) values (27, 3, 10, 'In congue. Etiam justo. Etiam pretium iaculis justo. In hac habitasse platea dictumst. Etiam faucibus cursus urna. Ut tellus. Nulla ut erat id mauris vulputate elementum. Nullam varius. Nulla facilisi. Cras non velit nec nisi vulputate nonummy.', '2023-05-09 10:50:53', 'Bonnie', '2023-11-09 14:07:08', 'Jesse');
insert into article_comment (id, member_id, article_id, content, created_at, created_by, modified_at, modified_by) values (28, 3, 3, 'Cras non velit nec nisi vulputate nonummy. Maecenas tincidunt lacus at velit. Vivamus vel nulla eget eros elementum pellentesque. Quisque porta volutpat erat.', '2023-11-25 09:01:23', 'Filide', '2023-06-22 19:19:22', 'Paule');
insert into article_comment (id, member_id, article_id, content, created_at, created_by, modified_at, modified_by) values (29, 1, 12, 'Aenean lectus. Pellentesque eget nunc. Donec quis orci eget orci vehicula condimentum. Curabitur in libero ut massa volutpat convallis. Morbi odio odio, elementum eu, interdum eu, tincidunt in, leo.', '2024-01-06 06:15:41', 'Jeannine', '2023-12-09 23:30:17', 'Alfonse');
insert into article_comment (id, member_id, article_id, content, created_at, created_by, modified_at, modified_by) values (30, 2, 19, 'Donec ut dolor. Morbi vel lectus in quam fringilla rhoncus. Mauris enim leo, rhoncus sed, vestibulum sit amet, cursus id, turpis. Integer aliquet, massa id lobortis convallis, tortor risus dapibus augue, vel accumsan tellus nisi eu orci. Mauris lacinia sapien quis libero. Nullam sit amet turpis elementum ligula vehicula consequat.', '2023-10-22 12:23:45', 'Johnette', '2023-09-20 03:19:37', 'Adorne');
insert into article_comment (id, member_id, article_id, content, created_at, created_by, modified_at, modified_by) values (31, 3, 1, 'Pellentesque viverra pede ac diam. Cras pellentesque volutpat dui. Maecenas tristique, est et tempus semper, est quam pharetra magna, ac consequat metus sapien ut nunc. Vestibulum ante ipsum primis in faucibus orci luctus et ultrices posuere cubilia Curae; Mauris viverra diam vitae quam.', '2023-01-30 22:07:26', 'Anett', '2023-04-11 21:59:41', 'Mose');
insert into article_comment (id, member_id, article_id, content, created_at, created_by, modified_at, modified_by) values (32, 1, 4, 'Duis consequat dui nec nisi volutpat eleifend. Donec ut dolor. Morbi vel lectus in quam fringilla rhoncus. Mauris enim leo, rhoncus sed, vestibulum sit amet, cursus id, turpis. Integer aliquet, massa id lobortis convallis, tortor risus dapibus augue, vel accumsan tellus nisi eu orci. Mauris lacinia sapien quis libero.', '2023-03-13 03:56:25', 'Christopher', '2023-04-27 12:24:39', 'Philly');
insert into article_comment (id, member_id, article_id, content, created_at, created_by, modified_at, modified_by) values (33, 1, 11, 'Praesent blandit lacinia erat. Vestibulum sed magna at nunc commodo placerat. Praesent blandit. Nam nulla. Integer pede justo, lacinia eget, tincidunt eget, tempus vel, pede. Morbi porttitor lorem id ligula. Suspendisse ornare consequat lectus. In est risus, auctor sed, tristique in, tempus sit amet, sem.', '2024-01-21 05:13:04', 'Lola', '2023-11-04 08:22:41', 'Merla');
insert into article_comment (id, member_id, article_id, content, created_at, created_by, modified_at, modified_by) values (34, 1, 17, 'Integer tincidunt ante vel ipsum. Praesent blandit lacinia erat. Vestibulum sed magna at nunc commodo placerat. Praesent blandit. Nam nulla. Integer pede justo, lacinia eget, tincidunt eget, tempus vel, pede.', '2023-09-07 18:03:32', 'Tymothy', '2023-09-15 07:59:27', 'Page');
insert into article_comment (id, member_id, article_id, content, created_at, created_by, modified_at, modified_by) values (35, 3, 1, 'Cras in purus eu magna vulputate luctus. Cum sociis natoque penatibus et magnis dis parturient montes, nascetur ridiculus mus. Vivamus vestibulum sagittis sapien. Cum sociis natoque penatibus et magnis dis parturient montes, nascetur ridiculus mus. Etiam vel augue. Vestibulum rutrum rutrum neque. Aenean auctor gravida sem. Praesent id massa id nisl venenatis lacinia.', '2023-05-18 10:29:55', 'Corabel', '2023-12-30 10:03:22', 'Torrie');
insert into article_comment (id, member_id, article_id, content, created_at, created_by, modified_at, modified_by) values (36, 1, 18, 'Nullam sit amet turpis elementum ligula vehicula consequat. Morbi a ipsum. Integer a nibh. In quis justo. Maecenas rhoncus aliquam lacus. Morbi quis tortor id nulla ultrices aliquet. Maecenas leo odio, condimentum id, luctus nec, molestie sed, justo. Pellentesque viverra pede ac diam. Cras pellentesque volutpat dui. Maecenas tristique, est et tempus semper, est quam pharetra magna, ac consequat metus sapien ut nunc.', '2024-01-22 04:16:35', 'June', '2023-11-30 22:29:16', 'Ronna');
insert into article_comment (id, member_id, article_id, content, created_at, created_by, modified_at, modified_by) values (37, 3, 6, 'Cras mi pede, malesuada in, imperdiet et, commodo vulputate, justo. In blandit ultrices enim. Lorem ipsum dolor sit amet, consectetuer adipiscing elit. Proin interdum mauris non ligula pellentesque ultrices. Phasellus id sapien in sapien iaculis congue. Vivamus metus arcu, adipiscing molestie, hendrerit at, vulputate vitae, nisl. Aenean lectus. Pellentesque eget nunc. Donec quis orci eget orci vehicula condimentum. Curabitur in libero ut massa volutpat convallis.', '2023-10-03 23:27:57', 'Stepha', '2023-11-20 16:46:00', 'Jocelyne');
insert into article_comment (id, member_id, article_id, content, created_at, created_by, modified_at, modified_by) values (38, 1, 20, 'Aliquam non mauris. Morbi non lectus.', '2023-07-15 09:06:58', 'Phylys', '2023-04-30 04:53:58', 'Micky');
insert into article_comment (id, member_id, article_id, content, created_at, created_by, modified_at, modified_by) values (39, 1, 5, 'Donec quis orci eget orci vehicula condimentum. Curabitur in libero ut massa volutpat convallis. Morbi odio odio, elementum eu, interdum eu, tincidunt in, leo. Maecenas pulvinar lobortis est. Phasellus sit amet erat. Nulla tempus. Vivamus in felis eu sapien cursus vestibulum.', '2023-07-23 19:19:11', 'Trescha', '2023-12-24 11:18:54', 'Arlyn');
insert into article_comment (id, member_id, article_id, content, created_at, created_by, modified_at, modified_by) values (40, 3, 1, 'In est risus, auctor sed, tristique in, tempus sit amet, sem. Fusce consequat. Nulla nisl. Nunc nisl. Duis bibendum, felis sed interdum venenatis, turpis enim blandit mi, in porttitor pede justo eu massa. Donec dapibus. Duis at velit eu est congue elementum.', '2023-10-09 21:41:30', 'Jorge', '2023-07-27 19:18:25', 'Louis');
insert into article_comment (id, member_id, article_id, content, created_at, created_by, modified_at, modified_by) values (41, 3, 8, 'Suspendisse potenti.', '2023-08-10 09:24:21', 'Bernhard', '2023-03-15 17:52:27', 'Osborne');
insert into article_comment (id, member_id, article_id, content, created_at, created_by, modified_at, modified_by) values (42, 2, 3, 'Vivamus metus arcu, adipiscing molestie, hendrerit at, vulputate vitae, nisl. Aenean lectus. Pellentesque eget nunc. Donec quis orci eget orci vehicula condimentum. Curabitur in libero ut massa volutpat convallis. Morbi odio odio, elementum eu, interdum eu, tincidunt in, leo. Maecenas pulvinar lobortis est.', '2023-06-04 07:36:07', 'Blaire', '2023-04-07 04:09:47', 'Lindon');
insert into article_comment (id, member_id, article_id, content, created_at, created_by, modified_at, modified_by) values (43, 1, 20, 'Integer non velit. Donec diam neque, vestibulum eget, vulputate ut, ultrices vel, augue. Vestibulum ante ipsum primis in faucibus orci luctus et ultrices posuere cubilia Curae; Donec pharetra, magna vestibulum aliquet ultrices, erat tortor sollicitudin mi, sit amet lobortis sapien sapien non mi. Integer ac neque.', '2023-12-25 19:44:32', 'Florri', '2023-09-27 16:27:06', 'Kit');
insert into article_comment (id, member_id, article_id, content, created_at, created_by, modified_at, modified_by) values (44, 2, 9, 'Fusce consequat. Nulla nisl. Nunc nisl. Duis bibendum, felis sed interdum venenatis, turpis enim blandit mi, in porttitor pede justo eu massa. Donec dapibus. Duis at velit eu est congue elementum. In hac habitasse platea dictumst. Morbi vestibulum, velit id pretium iaculis, diam erat fermentum justo, nec condimentum neque sapien placerat ante.', '2023-12-23 11:45:00', 'Paquito', '2023-11-23 15:29:49', 'Gar');
insert into article_comment (id, member_id, article_id, content, created_at, created_by, modified_at, modified_by) values (45, 1, 2, 'Suspendisse potenti.', '2023-02-13 19:56:20', 'Dominga', '2023-09-03 22:22:22', 'Margeaux');
insert into article_comment (id, member_id, article_id, content, created_at, created_by, modified_at, modified_by) values (46, 1, 16, 'Fusce congue, diam id ornare imperdiet, sapien urna pretium nisl, ut volutpat sapien arcu sed augue.', '2023-11-19 12:54:21', 'Florencia', '2023-04-27 12:43:21', 'Leslie');
insert into article_comment (id, member_id, article_id, content, created_at, created_by, modified_at, modified_by) values (47, 2, 15, 'Etiam pretium iaculis justo. In hac habitasse platea dictumst. Etiam faucibus cursus urna. Ut tellus.', '2023-04-12 14:25:01', 'Susan', '2023-10-10 14:11:19', 'Wilburt');
insert into article_comment (id, member_id, article_id, content, created_at, created_by, modified_at, modified_by) values (48, 2, 11, 'Nulla tempus. Vivamus in felis eu sapien cursus vestibulum. Proin eu mi. Nulla ac enim.', '2023-08-20 15:12:10', 'Patricio', '2023-11-03 12:01:39', 'Row');
insert into article_comment (id, member_id, article_id, content, created_at, created_by, modified_at, modified_by) values (49, 3, 11, 'Aliquam non mauris. Morbi non lectus. Aliquam sit amet diam in magna bibendum imperdiet. Nullam orci pede, venenatis non, sodales sed, tincidunt eu, felis. Fusce posuere felis sed lacus. Morbi sem mauris, laoreet ut, rhoncus aliquet, pulvinar sed, nisl. Nunc rhoncus dui vel sem.', '2023-05-13 21:59:14', 'Joice', '2023-02-04 15:55:16', 'Giusto');
insert into article_comment (id, member_id, article_id, content, created_at, created_by, modified_at, modified_by) values (50, 1, 5, 'Etiam pretium iaculis justo. In hac habitasse platea dictumst. Etiam faucibus cursus urna.', '2023-04-13 15:36:20', 'Javier', '2023-09-25 11:39:37', 'Elayne');
insert into article_comment (id, member_id, article_id, content, created_at, created_by, modified_at, modified_by) values (51, 2, 7, 'Curabitur in libero ut massa volutpat convallis. Morbi odio odio, elementum eu, interdum eu, tincidunt in, leo. Maecenas pulvinar lobortis est. Phasellus sit amet erat. Nulla tempus. Vivamus in felis eu sapien cursus vestibulum. Proin eu mi. Nulla ac enim. In tempor, turpis nec euismod scelerisque, quam turpis adipiscing lorem, vitae mattis nibh ligula nec sem. Duis aliquam convallis nunc.', '2023-11-22 10:39:58', 'Muffin', '2023-02-18 10:04:30', 'Griselda');
insert into article_comment (id, member_id, article_id, content, created_at, created_by, modified_at, modified_by) values (52, 1, 1, 'Nulla ac enim. In tempor, turpis nec euismod scelerisque, quam turpis adipiscing lorem, vitae mattis nibh ligula nec sem. Duis aliquam convallis nunc. Proin at turpis a pede posuere nonummy. Integer non velit. Donec diam neque, vestibulum eget, vulputate ut, ultrices vel, augue. Vestibulum ante ipsum primis in faucibus orci luctus et ultrices posuere cubilia Curae; Donec pharetra, magna vestibulum aliquet ultrices, erat tortor sollicitudin mi, sit amet lobortis sapien sapien non mi. Integer ac neque. Duis bibendum. Morbi non quam nec dui luctus rutrum.', '2023-06-01 15:02:29', 'Ramsay', '2023-10-04 11:02:04', 'Jareb');
insert into article_comment (id, member_id, article_id, content, created_at, created_by, modified_at, modified_by) values (53, 1, 14, 'Maecenas ut massa quis augue luctus tincidunt. Nulla mollis molestie lorem.', '2023-12-14 20:01:46', 'Sherlock', '2023-08-15 23:07:27', 'Huntley');
insert into article_comment (id, member_id, article_id, content, created_at, created_by, modified_at, modified_by) values (54, 1, 17, 'Donec semper sapien a libero. Nam dui. Proin leo odio, porttitor id, consequat in, consequat ut, nulla. Sed accumsan felis. Ut at dolor quis odio consequat varius. Integer ac leo.', '2023-10-16 22:04:19', 'Kellen', '2023-03-18 01:52:15', 'Barnie');
insert into article_comment (id, member_id, article_id, content, created_at, created_by, modified_at, modified_by) values (55, 1, 9, 'Integer ac leo.', '2023-10-31 02:39:50', 'Ardys', '2023-11-12 08:20:33', 'Matthus');
insert into article_comment (id, member_id, article_id, content, created_at, created_by, modified_at, modified_by) values (56, 2, 17, 'Fusce lacus purus, aliquet at, feugiat non, pretium quis, lectus. Suspendisse potenti.', '2024-01-11 16:24:32', 'Roxy', '2023-06-18 05:38:33', 'Regan');
insert into article_comment (id, member_id, article_id, content, created_at, created_by, modified_at, modified_by) values (57, 2, 12, 'Fusce congue, diam id ornare imperdiet, sapien urna pretium nisl, ut volutpat sapien arcu sed augue. Aliquam erat volutpat. In congue. Etiam justo. Etiam pretium iaculis justo. In hac habitasse platea dictumst.', '2023-08-12 19:46:48', 'Aubine', '2023-10-26 14:36:13', 'Aluin');
insert into article_comment (id, member_id, article_id, content, created_at, created_by, modified_at, modified_by) values (58, 1, 18, 'Proin at turpis a pede posuere nonummy. Integer non velit. Donec diam neque, vestibulum eget, vulputate ut, ultrices vel, augue.', '2023-03-29 03:44:03', 'Gerhardt', '2023-07-27 00:52:59', 'Bessy');
insert into article_comment (id, member_id, article_id, content, created_at, created_by, modified_at, modified_by) values (59, 2, 4, 'In hac habitasse platea dictumst. Aliquam augue quam, sollicitudin vitae, consectetuer eget, rutrum at, lorem. Integer tincidunt ante vel ipsum. Praesent blandit lacinia erat. Vestibulum sed magna at nunc commodo placerat. Praesent blandit. Nam nulla. Integer pede justo, lacinia eget, tincidunt eget, tempus vel, pede. Morbi porttitor lorem id ligula. Suspendisse ornare consequat lectus.', '2023-08-26 09:22:18', 'Asa', '2023-04-14 09:02:43', 'Ozzie');
insert into article_comment (id, member_id, article_id, content, created_at, created_by, modified_at, modified_by) values (60, 1, 15, 'Ut at dolor quis odio consequat varius. Integer ac leo. Pellentesque ultrices mattis odio. Donec vitae nisi. Nam ultrices, libero non mattis pulvinar, nulla pede ullamcorper augue, a suscipit nulla elit ac nulla. Sed vel enim sit amet nunc viverra dapibus. Nulla suscipit ligula in lacus. Curabitur at ipsum ac tellus semper interdum.', '2023-09-20 04:44:46', 'Darn', '2023-10-02 14:01:12', 'Tremayne');
insert into article_comment (id, member_id, article_id, content, created_at, created_by, modified_at, modified_by) values (61, 3, 20, 'Aliquam quis turpis eget elit sodales scelerisque. Mauris sit amet eros. Suspendisse accumsan tortor quis turpis. Sed ante. Vivamus tortor. Duis mattis egestas metus. Aenean fermentum. Donec ut mauris eget massa tempor convallis.', '2023-10-11 12:58:48', 'Bambi', '2023-08-17 20:45:26', 'Kalli');
insert into article_comment (id, member_id, article_id, content, created_at, created_by, modified_at, modified_by) values (62, 3, 2, 'Morbi vestibulum, velit id pretium iaculis, diam erat fermentum justo, nec condimentum neque sapien placerat ante. Nulla justo. Aliquam quis turpis eget elit sodales scelerisque.', '2023-08-03 08:21:43', 'Ellen', '2023-04-13 17:13:03', 'Leela');
insert into article_comment (id, member_id, article_id, content, created_at, created_by, modified_at, modified_by) values (63, 3, 8, 'Praesent blandit. Nam nulla. Integer pede justo, lacinia eget, tincidunt eget, tempus vel, pede. Morbi porttitor lorem id ligula.', '2023-03-30 13:07:37', 'Mella', '2023-04-21 20:39:33', 'Brennan');
insert into article_comment (id, member_id, article_id, content, created_at, created_by, modified_at, modified_by) values (64, 2, 1, 'Morbi a ipsum. Integer a nibh. In quis justo. Maecenas rhoncus aliquam lacus. Morbi quis tortor id nulla ultrices aliquet. Maecenas leo odio, condimentum id, luctus nec, molestie sed, justo. Pellentesque viverra pede ac diam. Cras pellentesque volutpat dui.', '2023-10-23 07:26:03', 'Isahella', '2023-05-10 10:49:51', 'Maris');
insert into article_comment (id, member_id, article_id, content, created_at, created_by, modified_at, modified_by) values (65, 1, 8, 'Aliquam augue quam, sollicitudin vitae, consectetuer eget, rutrum at, lorem. Integer tincidunt ante vel ipsum.', '2023-04-13 18:59:57', 'Wes', '2023-04-04 01:22:08', 'Danice');
insert into article_comment (id, member_id, article_id, content, created_at, created_by, modified_at, modified_by) values (66, 3, 2, 'Cum sociis natoque penatibus et magnis dis parturient montes, nascetur ridiculus mus. Vivamus vestibulum sagittis sapien.', '2023-02-13 05:37:30', 'Aretha', '2023-08-21 22:58:08', 'Theodoric');
insert into article_comment (id, member_id, article_id, content, created_at, created_by, modified_at, modified_by) values (67, 2, 20, 'Vivamus metus arcu, adipiscing molestie, hendrerit at, vulputate vitae, nisl. Aenean lectus. Pellentesque eget nunc. Donec quis orci eget orci vehicula condimentum. Curabitur in libero ut massa volutpat convallis. Morbi odio odio, elementum eu, interdum eu, tincidunt in, leo. Maecenas pulvinar lobortis est. Phasellus sit amet erat. Nulla tempus.', '2023-02-15 23:36:14', 'Zebedee', '2023-06-27 22:12:00', 'Gaelan');
insert into article_comment (id, member_id, article_id, content, created_at, created_by, modified_at, modified_by) values (68, 1, 10, 'Morbi odio odio, elementum eu, interdum eu, tincidunt in, leo.', '2023-09-01 10:16:33', 'Lindi', '2023-04-10 19:06:00', 'Anthea');
insert into article_comment (id, member_id, article_id, content, created_at, created_by, modified_at, modified_by) values (69, 3, 15, 'Aliquam erat volutpat. In congue. Etiam justo. Etiam pretium iaculis justo.', '2023-08-02 15:56:16', 'Marna', '2023-08-07 12:42:00', 'Josee');
insert into article_comment (id, member_id, article_id, content, created_at, created_by, modified_at, modified_by) values (70, 2, 8, 'Integer non velit. Donec diam neque, vestibulum eget, vulputate ut, ultrices vel, augue. Vestibulum ante ipsum primis in faucibus orci luctus et ultrices posuere cubilia Curae; Donec pharetra, magna vestibulum aliquet ultrices, erat tortor sollicitudin mi, sit amet lobortis sapien sapien non mi. Integer ac neque. Duis bibendum.', '2023-12-31 13:29:37', 'Emelita', '2023-11-10 16:50:15', 'Gavra');
insert into article_comment (id, member_id, article_id, content, created_at, created_by, modified_at, modified_by) values (71, 1, 5, 'Aliquam erat volutpat. In congue. Etiam justo. Etiam pretium iaculis justo.', '2023-09-07 17:16:15', 'Cory', '2024-01-19 17:29:55', 'Ange');
insert into article_comment (id, member_id, article_id, content, created_at, created_by, modified_at, modified_by) values (72, 2, 10, 'Nullam sit amet turpis elementum ligula vehicula consequat. Morbi a ipsum. Integer a nibh. In quis justo. Maecenas rhoncus aliquam lacus. Morbi quis tortor id nulla ultrices aliquet. Maecenas leo odio, condimentum id, luctus nec, molestie sed, justo.', '2024-01-17 13:09:43', 'Dorry', '2023-02-25 15:50:47', 'Robena');
insert into article_comment (id, member_id, article_id, content, created_at, created_by, modified_at, modified_by) values (73, 1, 20, 'Phasellus id sapien in sapien iaculis congue.', '2024-01-05 22:48:07', 'Rab', '2023-10-13 19:05:27', 'Valerye');
insert into article_comment (id, member_id, article_id, content, created_at, created_by, modified_at, modified_by) values (74, 1, 11, 'In hac habitasse platea dictumst. Aliquam augue quam, sollicitudin vitae, consectetuer eget, rutrum at, lorem. Integer tincidunt ante vel ipsum. Praesent blandit lacinia erat. Vestibulum sed magna at nunc commodo placerat. Praesent blandit. Nam nulla.', '2023-07-23 21:56:45', 'Hildegaard', '2023-10-09 05:05:00', 'Luis');
insert into article_comment (id, member_id, article_id, content, created_at, created_by, modified_at, modified_by) values (75, 3, 7, 'Nam dui. Proin leo odio, porttitor id, consequat in, consequat ut, nulla. Sed accumsan felis. Ut at dolor quis odio consequat varius.', '2023-07-22 13:13:48', 'Marlow', '2023-02-18 18:26:38', 'Basile');
insert into article_comment (id, member_id, article_id, content, created_at, created_by, modified_at, modified_by) values (76, 2, 11, 'Integer ac neque. Duis bibendum. Morbi non quam nec dui luctus rutrum. Nulla tellus. In sagittis dui vel nisl. Duis ac nibh. Fusce lacus purus, aliquet at, feugiat non, pretium quis, lectus. Suspendisse potenti. In eleifend quam a odio. In hac habitasse platea dictumst.', '2023-08-25 16:52:20', 'Ray', '2023-11-22 04:54:50', 'Malina');
insert into article_comment (id, member_id, article_id, content, created_at, created_by, modified_at, modified_by) values (77, 2, 12, 'Donec ut dolor.', '2023-08-30 01:59:58', 'Lois', '2024-01-14 22:40:13', 'Brita');
insert into article_comment (id, member_id, article_id, content, created_at, created_by, modified_at, modified_by) values (78, 3, 8, 'Nullam molestie nibh in lectus. Pellentesque at nulla. Suspendisse potenti. Cras in purus eu magna vulputate luctus. Cum sociis natoque penatibus et magnis dis parturient montes, nascetur ridiculus mus. Vivamus vestibulum sagittis sapien. Cum sociis natoque penatibus et magnis dis parturient montes, nascetur ridiculus mus. Etiam vel augue. Vestibulum rutrum rutrum neque.', '2023-09-27 04:24:31', 'Martie', '2023-03-16 02:33:12', 'Ripley');
insert into article_comment (id, member_id, article_id, content, created_at, created_by, modified_at, modified_by) values (79, 3, 20, 'Aliquam augue quam, sollicitudin vitae, consectetuer eget, rutrum at, lorem. Integer tincidunt ante vel ipsum. Praesent blandit lacinia erat. Vestibulum sed magna at nunc commodo placerat. Praesent blandit. Nam nulla.', '2023-04-09 10:45:14', 'Lorrayne', '2023-05-21 21:07:43', 'Edwin');
insert into article_comment (id, member_id, article_id, content, created_at, created_by, modified_at, modified_by) values (80, 2, 10, 'Etiam justo. Etiam pretium iaculis justo. In hac habitasse platea dictumst. Etiam faucibus cursus urna.', '2023-07-13 03:02:40', 'Wendell', '2023-09-08 13:05:32', 'Debee');
insert into article_comment (id, member_id, article_id, content, created_at, created_by, modified_at, modified_by) values (81, 2, 5, 'Aenean sit amet justo. Morbi ut odio. Cras mi pede, malesuada in, imperdiet et, commodo vulputate, justo. In blandit ultrices enim.', '2023-10-17 23:56:04', 'Dell', '2023-07-20 13:24:22', 'Victoria');
insert into article_comment (id, member_id, article_id, content, created_at, created_by, modified_at, modified_by) values (82, 2, 1, 'Cum sociis natoque penatibus et magnis dis parturient montes, nascetur ridiculus mus. Etiam vel augue. Vestibulum rutrum rutrum neque. Aenean auctor gravida sem. Praesent id massa id nisl venenatis lacinia. Aenean sit amet justo. Morbi ut odio. Cras mi pede, malesuada in, imperdiet et, commodo vulputate, justo.', '2023-10-17 20:27:00', 'Elie', '2023-11-06 00:06:03', 'Blinni');
insert into article_comment (id, member_id, article_id, content, created_at, created_by, modified_at, modified_by) values (83, 1, 18, 'In hac habitasse platea dictumst. Maecenas ut massa quis augue luctus tincidunt. Nulla mollis molestie lorem. Quisque ut erat. Curabitur gravida nisi at nibh. In hac habitasse platea dictumst. Aliquam augue quam, sollicitudin vitae, consectetuer eget, rutrum at, lorem. Integer tincidunt ante vel ipsum. Praesent blandit lacinia erat. Vestibulum sed magna at nunc commodo placerat.', '2023-06-12 20:28:01', 'Rhody', '2023-06-02 06:07:06', 'Pierce');
insert into article_comment (id, member_id, article_id, content, created_at, created_by, modified_at, modified_by) values (84, 2, 7, 'Curabitur in libero ut massa volutpat convallis. Morbi odio odio, elementum eu, interdum eu, tincidunt in, leo. Maecenas pulvinar lobortis est.', '2023-10-31 08:58:02', 'Leighton', '2023-04-08 22:15:56', 'Corey');
insert into article_comment (id, member_id, article_id, content, created_at, created_by, modified_at, modified_by) values (85, 3, 4, 'Morbi quis tortor id nulla ultrices aliquet. Maecenas leo odio, condimentum id, luctus nec, molestie sed, justo. Pellentesque viverra pede ac diam. Cras pellentesque volutpat dui. Maecenas tristique, est et tempus semper, est quam pharetra magna, ac consequat metus sapien ut nunc. Vestibulum ante ipsum primis in faucibus orci luctus et ultrices posuere cubilia Curae; Mauris viverra diam vitae quam.', '2023-11-20 19:13:09', 'Abrahan', '2023-05-20 21:01:28', 'Kylie');
insert into article_comment (id, member_id, article_id, content, created_at, created_by, modified_at, modified_by) values (86, 3, 10, 'Integer ac neque. Duis bibendum. Morbi non quam nec dui luctus rutrum. Nulla tellus.', '2023-10-01 15:48:38', 'Chaim', '2023-05-16 15:22:18', 'Arv');
insert into article_comment (id, member_id, article_id, content, created_at, created_by, modified_at, modified_by) values (87, 2, 1, 'Vestibulum sed magna at nunc commodo placerat. Praesent blandit. Nam nulla. Integer pede justo, lacinia eget, tincidunt eget, tempus vel, pede. Morbi porttitor lorem id ligula. Suspendisse ornare consequat lectus. In est risus, auctor sed, tristique in, tempus sit amet, sem. Fusce consequat.', '2023-02-07 01:01:36', 'Tara', '2023-06-23 22:19:31', 'Gran');
insert into article_comment (id, member_id, article_id, content, created_at, created_by, modified_at, modified_by) values (88, 3, 4, 'Vestibulum ante ipsum primis in faucibus orci luctus et ultrices posuere cubilia Curae; Duis faucibus accumsan odio. Curabitur convallis. Duis consequat dui nec nisi volutpat eleifend. Donec ut dolor. Morbi vel lectus in quam fringilla rhoncus. Mauris enim leo, rhoncus sed, vestibulum sit amet, cursus id, turpis.', '2023-02-18 04:07:46', 'Joshuah', '2024-01-18 13:31:05', 'Ansel');
insert into article_comment (id, member_id, article_id, content, created_at, created_by, modified_at, modified_by) values (89, 1, 6, 'Aliquam quis turpis eget elit sodales scelerisque. Mauris sit amet eros. Suspendisse accumsan tortor quis turpis. Sed ante. Vivamus tortor. Duis mattis egestas metus. Aenean fermentum. Donec ut mauris eget massa tempor convallis. Nulla neque libero, convallis eget, eleifend luctus, ultricies eu, nibh. Quisque id justo sit amet sapien dignissim vestibulum.', '2023-03-09 07:39:56', 'Theo', '2023-12-20 02:11:47', 'Freddy');
insert into article_comment (id, member_id, article_id, content, created_at, created_by, modified_at, modified_by) values (90, 1, 9, 'Nullam orci pede, venenatis non, sodales sed, tincidunt eu, felis. Fusce posuere felis sed lacus. Morbi sem mauris, laoreet ut, rhoncus aliquet, pulvinar sed, nisl.', '2023-02-18 01:47:50', 'Terza', '2023-03-21 00:14:52', 'Jaymee');
insert into article_comment (id, member_id, article_id, content, created_at, created_by, modified_at, modified_by) values (91, 3, 17, 'Nulla ut erat id mauris vulputate elementum. Nullam varius. Nulla facilisi. Cras non velit nec nisi vulputate nonummy.', '2023-09-06 14:46:45', 'Yvonne', '2023-02-04 12:49:00', 'Sula');
insert into article_comment (id, member_id, article_id, content, created_at, created_by, modified_at, modified_by) values (92, 3, 17, 'Proin at turpis a pede posuere nonummy. Integer non velit.', '2023-11-12 11:34:45', 'Guglielma', '2023-04-08 14:28:20', 'Caterina');
insert into article_comment (id, member_id, article_id, content, created_at, created_by, modified_at, modified_by) values (93, 1, 7, 'Duis mattis egestas metus. Aenean fermentum. Donec ut mauris eget massa tempor convallis. Nulla neque libero, convallis eget, eleifend luctus, ultricies eu, nibh. Quisque id justo sit amet sapien dignissim vestibulum. Vestibulum ante ipsum primis in faucibus orci luctus et ultrices posuere cubilia Curae; Nulla dapibus dolor vel est. Donec odio justo, sollicitudin ut, suscipit a, feugiat et, eros. Vestibulum ac est lacinia nisi venenatis tristique.', '2023-04-24 16:23:08', 'Parke', '2023-09-02 23:02:55', 'Florian');
insert into article_comment (id, member_id, article_id, content, created_at, created_by, modified_at, modified_by) values (94, 1, 20, 'Nam dui. Proin leo odio, porttitor id, consequat in, consequat ut, nulla. Sed accumsan felis.', '2023-09-21 02:36:59', 'Dorian', '2023-06-20 06:01:04', 'Bennett');
insert into article_comment (id, member_id, article_id, content, created_at, created_by, modified_at, modified_by) values (95, 1, 16, 'Cras non velit nec nisi vulputate nonummy.', '2024-01-03 21:59:59', 'Thorpe', '2024-01-13 15:09:30', 'Rozalin');
insert into article_comment (id, member_id, article_id, content, created_at, created_by, modified_at, modified_by) values (96, 2, 8, 'Morbi vestibulum, velit id pretium iaculis, diam erat fermentum justo, nec condimentum neque sapien placerat ante. Nulla justo.', '2023-07-26 07:56:10', 'Kile', '2023-05-13 11:42:03', 'Hi');
insert into article_comment (id, member_id, article_id, content, created_at, created_by, modified_at, modified_by) values (97, 1, 7, 'Nulla suscipit ligula in lacus. Curabitur at ipsum ac tellus semper interdum. Mauris ullamcorper purus sit amet nulla. Quisque arcu libero, rutrum ac, lobortis vel, dapibus at, diam. Nam tristique tortor eu pede.', '2023-08-06 03:19:38', 'Ysabel', '2023-10-12 12:45:26', 'Clementius');
insert into article_comment (id, member_id, article_id, content, created_at, created_by, modified_at, modified_by) values (98, 1, 9, 'Donec posuere metus vitae ipsum. Aliquam non mauris. Morbi non lectus. Aliquam sit amet diam in magna bibendum imperdiet. Nullam orci pede, venenatis non, sodales sed, tincidunt eu, felis. Fusce posuere felis sed lacus. Morbi sem mauris, laoreet ut, rhoncus aliquet, pulvinar sed, nisl. Nunc rhoncus dui vel sem.', '2023-10-20 05:02:52', 'Gar', '2023-02-11 19:03:41', 'Vite');
insert into article_comment (id, member_id, article_id, content, created_at, created_by, modified_at, modified_by) values (99, 2, 18, 'Quisque ut erat. Curabitur gravida nisi at nibh. In hac habitasse platea dictumst. Aliquam augue quam, sollicitudin vitae, consectetuer eget, rutrum at, lorem. Integer tincidunt ante vel ipsum. Praesent blandit lacinia erat.', '2023-07-19 10:55:57', 'Ellery', '2024-01-08 23:44:42', 'Pepe');
insert into article_comment (id, member_id, article_id, content, created_at, created_by, modified_at, modified_by) values (100, 1, 3, 'Donec ut dolor. Morbi vel lectus in quam fringilla rhoncus. Mauris enim leo, rhoncus sed, vestibulum sit amet, cursus id, turpis. Integer aliquet, massa id lobortis convallis, tortor risus dapibus augue, vel accumsan tellus nisi eu orci. Mauris lacinia sapien quis libero. Nullam sit amet turpis elementum ligula vehicula consequat. Morbi a ipsum. Integer a nibh. In quis justo.', '2023-03-06 06:06:26', 'Kelci', '2023-09-12 10:41:55', 'Araldo');
